{"1": 0.008024691358024694, "2": 0.8545454545454547, "3": 0.21876014281077572, "4": 0.1379310344827586, "5": 0.35630252100840326, "6": 0.0001614205004035512, "7": 0.0, "8": 0.0, "9": 0.03713574982231697, "10": 0.03191530023315368, "11": 0.017301916324717576, "12": 1.3896995469579476e-05, "13": 0.01557017543859649, "14": 0.0, "15": 0.17564102564102566, "16": 0.06464646464646467, "17": 0.40350877192982443, "18": 0.19407720782654683, "19": 1.0, "20": 0.009735202492211832, "21": 0.0, "22": 0.5757575757575756, "23": 0.0, "24": 0.011259949524364207, "25": 0.00042034468263976455, "26": 0.3076923076923077, "27": 0.0, "28": 0.4065934065934066, "29": 0.34030197444831584, "30": 0.0, "31": 6.477522995206633e-05, "32": 0.002551020408163265, "33": 0.09187211093990759, "34": 0.06915869796194346, "35": 0.09557762498938963, "36": 0.014743383692274695, "37": 0.19202898550724634, "38": 0.16190476190476188, "39": 0.9719387755102039, "40": 0.0, "41": 0.0, "42": 0.021473528322843393, "43": 0.948051948051948, "44": 0.0, "45": 0.46783625730994155, "46": 0.14285714285714285, "47": 0.00202020202020202, "48": 0.0, "49": 0.0, "50": 0.6952380952380952, "51": 0.0, "52": 0.37878787878787873, "53": 0.5646297353893013, "54": 0.1353781068217874, "55": 0.9971153846153846}